{"cameraMode":{"drawMode":0,"name":"Shaded","section":"Shading Mode"},"sceneLighting":false,"audioPlay":false,"sceneViewState":{"showFog":true,"showMaterialUpdate":false,"showSkybox":false,"showFlares":true,"showImageEffects":true,"showParticleSystems":true},"in2DMode":false,"pivot":{"x":-3.7131800651550295,"y":1.878486156463623,"z":14.598672866821289},"rotation":{"x":0.11956198513507843,"y":-0.7614054679870606,"z":0.14682815968990327,"w":0.6200096607208252},"size":2.700061559677124,"orthographic":false}